{"\u03b8opt": [37.908286377182876, 13.309769509502983, 0.0645342161789254, 1.4466585652576025, 0.1644217511650983, 0.048991321812539707, 0.002018900646946064, 0.0030238423586372042, 0.046280764767460396, 42.820472129288795, 232.6967410291784, 0.05500698603431903, 0.016467925012839488, 0.00039671240355986675, 5.807118693988274e-05, 0.03478071622192454, 3.1228466277306906e-05, 1.016550149624762, 0.3913598477109221, 0.08876732972105494, 0.0371251142350667, 0.00039052453804836737, 0.01354458571004196, 0.014043084426603498, 0.0004147547536719177], "cost": 25.2070765169694}