{"\u03b8opt": [37.908286377182876, 13.309769509502983, 0.0645342161789254, 42.78486587852443, 0.0020947137800516216, 2362.0333930251672, 0.008012901037449529, 11.805132773566791, 196.36339146182812, 1.055084222536, 0.00281239488264849, 0.00012093657728360304, 3327.7151717788, 0.8375068212521354, 0.016467925012839488, 0.00039671240355986675, 5.807118693988274e-05, 0.03478071622192454, 3.1228466277306906e-05, 1.016550149624762, 0.3913598477109221, 0.08876732972105494, 0.0371251142350667, 0.00039052453804836737, 0.01354458571004196, 0.014043084426603498, 0.0004147547536719177], "cost": 28.31424375784891}