{
  "mask application": {
    "input": {
      "mask_application": { "t": [-Infinity, -30, 0], "f": [0, 1, 0] }
    },
    "CX3CL1": {
      "time": [-30, 0, 20, 40, 60, 120, 180],
      "mean": [
        101.42022234768268, 86.59421219879519, 66.7634284307895,
        63.791365253179904, 44.102513429436534, 48.237757675576745,
        45.2902992503265
      ],
      "std": [
        72.50070360000733, 37.50932391907973, 32.94907289614807,
        26.689107547781756, 22.27264789900717, 25.43752314429759,
        22.80452816922063
      ],
      "sem": [
        24.166901200002442, 12.503107973026578, 10.983024298716023,
        8.896369182593919, 7.874570182184139, 9.614480029894459,
        11.402264084610316
      ]
    },
    "CSF3": {
      "time": [-30, 0, 20, 40, 60, 120, 180],
      "mean": [
        0.03964335682538051, 0.12362415948167622, 0.27248149510364983,
        0.3537722791939052, 0.37988653536356776, 0.4440344416099469,
        0.3799715874622537
      ],
      "std": [
        0.09281120274093858, 0.12538183992083268, 0.3096221328866059,
        0.3028531920545418, 0.2645965194490375, 0.23933789011346263,
        0.08744526630439982
      ],
      "sem": [
        0.030937067580312862, 0.04179394664027756, 0.10320737762886863,
        0.1009510640181806, 0.0935489965903863, 0.09046121950787524,
        0.04372263315219991
      ]
    },
    "IFN-\u03b12a": {
      "time": [-30, 0, 20, 40, 60, 120, 180],
      "mean": [
        0.2350543648715398, 0.288685432965745, 0.2574483142799906,
        0.40544137076569176, 0.4227098999599939, 0.4430461798932656,
        0.4987683323614601
      ],
      "std": [
        0.11619427569093756, 0.101313656871266, 0.14534167087586203,
        0.13022202227212784, 0.11134420860336794, 0.09443511936346813,
        0.15143159668403464
      ],
      "sem": [
        0.03873142523031252, 0.03377121895708867, 0.04844722362528734,
        0.04340734075737595, 0.03936612247464549, 0.0356931201237767,
        0.07571579834201732
      ]
    },
    "IL-15": {
      "time": [-30, 0, 20, 40, 60, 120, 180],
      "mean": [
        0.1105773068202273, 0.3100364077990124, 0.2388496457815429,
        0.4073844369182719, 0.3988203935011122, 0.42331705455222335,
        0.3283088853575612
      ],
      "std": [
        0.09977410362551062, 0.20838201875317494, 0.15332672224702598,
        0.2243449938441689, 0.1389498774683211, 0.08015341762165513,
        0.19157531588940468
      ],
      "sem": [
        0.03325803454183687, 0.06946067291772498, 0.05110890741567533,
        0.07478166461472296, 0.04912620030144486, 0.03029514425125739,
        0.09578765794470234
      ]
    },
    "IL-25": {
      "time": [-30, 0, 20, 40, 60, 120, 180],
      "mean": [
        0.13147051458781853, 0.1757473528531148, 0.26587737159826547,
        0.7478617310113047, 0.7202419153249846, 0.7615791342584172,
        0.6982774658900723
      ],
      "std": [
        0.13621774327639644, 0.11856451362500438, 0.29230026750968996,
        0.4321813170235358, 0.5584374993986633, 0.5776344900439373,
        0.5263954538415306
      ],
      "sem": [
        0.04540591442546548, 0.039521504541668126, 0.09743342250322999,
        0.14406043900784526, 0.19743747134682665, 0.21832531562141047,
        0.2631977269207653
      ]
    },
    "IL-1RA": {
      "time": [-30, 0, 20, 40, 60, 120, 180],
      "mean": [
        4406.384707634718, 4856.194251685011, 4472.377263988899,
        4280.789558720933, 4027.8730359582396, 4095.237821199906,
        4227.691192975028
      ],
      "std": [
        599.5649097696851, 130.85434628128854, 394.396906947286,
        372.2336420959985, 626.6334878341379, 873.0267828377071,
        181.04322193067543
      ],
      "sem": [
        199.85496992322837, 43.61811542709618, 131.46563564909533,
        124.07788069866616, 221.5483942830484, 329.973107898195,
        90.52161096533771
      ]
    },
    "IL-1\u03b1": {
      "time": [-30, 0, 20, 40, 60, 120, 180],
      "mean": [
        378.4695669532639, 659.6063549342274, 315.6317117894247,
        227.09613361203432, 205.49365775017498, 195.38253339277662,
        196.15494749299523
      ],
      "std": [
        276.40655774881617, 533.5635958617511, 199.64178920949996,
        162.58904224171246, 132.02331352226633, 132.4982192241171,
        89.64621136764735
      ],
      "sem": [
        92.1355192496054, 177.85453195391702, 66.54726306983332,
        54.19634741390416, 46.67729013315607, 50.07961960370447,
        44.82310568382368
      ]
    },
    "IL-1\u03b2": {
      "time": [-30, 0, 20, 40, 60, 120, 180],
      "mean": [
        8.66611337621356, 15.554857589005987, 6.762062733145515,
        4.495885297871675, 4.249922736981938, 5.010279909313665,
        4.037060739211197
      ],
      "std": [
        5.452272908298101, 9.845884876270437, 3.5935131394155264,
        2.045491279863006, 2.584443729222906, 2.6382218876462873,
        1.131337338916482
      ],
      "sem": [
        1.8174243027660337, 3.281961625423479, 1.1978377131385087,
        0.6818304266210019, 0.913738843264283, 0.9971541454456376,
        0.565668669458241
      ]
    },
    "IL-23": {
      "time": [-30, 0, 20, 40, 60, 120, 180],
      "mean": [
        0.2008754200922235, 0.4422232383495811, 0.3974502671977346,
        0.7663776426457728, 0.7197713824793662, 0.872721862191663,
        0.7335157751230899
      ],
      "std": [
        0.2056149291536113, 0.21272612322104487, 0.37443704120544674,
        0.6461769913167134, 0.7057205291516431, 0.5859819977783531,
        0.44805556160003496
      ],
      "sem": [
        0.06853830971787044, 0.07090870774034828, 0.12481234706848225,
        0.21539233043890446, 0.24950988589284268, 0.2214803769831894,
        0.22402778080001748
      ]
    },
    "IL-27": {
      "time": [-30, 0, 20, 40, 60, 120, 180],
      "mean": [
        7.296770632393238, 10.90073839378319, 13.897650974448535,
        13.531208954241308, 14.54482377705617, 16.55472688892439,
        16.877965277022135
      ],
      "std": [
        3.1208909657856476, 3.8070260851791593, 5.875901029440795,
        2.695711742303931, 4.496237786917261, 4.922671348822085,
        5.551935872154968
      ],
      "sem": [
        1.0402969885952158, 1.2690086950597197, 1.9586336764802652,
        0.898570580767977, 1.589660114478195, 1.8605948821551612,
        2.775967936077484
      ]
    },
    "IL-2Ra": {
      "time": [-30, 0, 20, 40, 60, 120, 180],
      "mean": [
        3.8008229206969917, 14.06768383090073, 6.345678031123198,
        4.486595399971334, 0.8700505458141667, 1.0952416481100888,
        1.446078703919426
      ],
      "std": [
        3.126623898827773, 9.865215019137025, 7.8037118438780615,
        7.815774829029242, 2.460874563681017, 2.2438445818566146,
        2.892157407838852
      ],
      "sem": [
        1.0422079662759243, 3.2884050063790085, 2.601237281292687,
        2.6052582763430805, 0.8700505458141666, 0.8480935348960451,
        1.446078703919426
      ]
    },
    "IL-7": {
      "time": [-30, 0, 20, 40, 60, 120, 180],
      "mean": [
        0.30489728971075736, 0.2796132648857159, 0.27482917766340037,
        0.3443592645075499, 0.32991067768593996, 0.5038318022574769,
        0.35677886525539704
      ],
      "std": [
        0.2259800446553843, 0.13566488689147543, 0.1896365444966207,
        0.16953092248988846, 0.0907882345377787, 0.14546756380513146,
        0.11523842976242651
      ],
      "sem": [
        0.07532668155179477, 0.045221628963825145, 0.06321218149887357,
        0.05651030749662949, 0.03209848814680902, 0.054981571093542646,
        0.05761921488121326
      ]
    },
    "IL-9": {
      "time": [-30, 0, 20, 40, 60, 120, 180],
      "mean": [
        0.04841237786708611, 0.21782531405317468, 0.10001833935187947,
        0.06529487803536245, 0.023265182136165612, 0.05924322831385617, 0.0
      ],