{"\u03b8opt": [31.659684923585843, 12.070174048501363, 0.06005797416215373, 1.6302808767834964, 0.2207439746311747, 0.0018570451092569918, 0.004239041785886677, 46.30800952660209, 253.42225327240874, 0.0368937603127911, 0.0010879533138135945, 0.03160590559647928, 1.0257421520322844e-05, 0.7677749367948612, 0.24935793115574278, 0.23027300367767117, 0.002665375188441432, 0.0036488780160654813, 1.1480948843276215, 0.6000879151304538, 0.02970957915799175, 0.011455981216550446, 0.9283902033064554, 0.10572637942088801, 364.6029326540215, 243.14466032704024, 0.013535002869108696, 0.0018204477987694885, 3.0844349484947946, 3.1086815316366505, 0.503717310323443, 0.10832332280566109, 0.00011647489238194291, 7.653441763393179, 0.00011278671884124815, 9.223064203130088e-05, 15.775773458369795, 0.1322611226557196, 3.489294819885251e-05, 0.35800274610136273, 0.00921859127072193, 0.001002801344616235, 1.6101750831041657, 0.03814655854237495, 0.00935415688902485, 48.8993104619448, 5.8180030673478116e-05, 0.00011434753614020894, 15.149304266190496, 0.08766199306133195, 4.1418326038322014e-05, 1.0257421520322844e-05], "cost": 134.5458428610369}