{"cost": 1.0000000000000063e-20, "\u03b8opt": [31.659684923585814, 12.070174048501368, 0.06001632665814319, 381.4404216430131, 0.3300899349551424, 1.3717997367009007e-05, 1.0000000000000063e-20, 973.796669807027, 22.351686213744905, 1.3928768456787383e-05, 46.308009526602014, 253.42225327240874, 9.10754117528593, 0.22256284659940787, 4.0473371151686496e-05, 0.7677749367948615, 0.24935793115574267, 86.47680496156079, 0.830708272903454, 1.0156434708674048e-05, 1.1480948843276222, 0.6000879151304536, 0.029709579157991765, 0.011455981216550457, 0.9283902033064554, 0.10572637942088797, 364.60293265402186, 243.14466032704024, 0.013535002869108696, 0.0018204477987694885, 3.0844349484947973, 3.108681531636649, 13.350513786915974, 1.0758273054577863, 1.0507333255328912e-05, 66.4981424042356, 0.09174880750146239, 1.004707079787053e-05, 47.82199846711004, 0.412649224975833, 1.1460776457823544e-05, 60.92473586329617, 0.3316620387166509, 1.0513524315104988e-05]}