{"cost": 3.1786653516938334e-09, "\u03b8opt": [31.659684923585843, 12.070174048501363, 0.06001632665814319, 381.4404216430131, 0.3300899349551424, 1.3717997367009007e-05, 1.0357514361986796e-05, 973.796669807027, 22.351686213744905, 1.3928768456787383e-05, 46.30800952660209, 253.42225327240874, 9.10754117528593, 0.22256284659940787, 4.0473371151686496e-05, 0.7677749367948612, 0.24935793115574278, 86.47680496156079, 0.830708272903454, 1.0156434708674048e-05, 1.1480948843276215, 0.6000879151304538, 0.02970957915799175, 0.011455981216550446, 0.9283902033064554, 0.10572637942088801, 364.6029326540215, 243.14466032704024, 0.013535002869108696, 0.0018204477987694885, 3.0844349484947946, 3.1086815316366505, 13.350513786915974, 1.0758273054577865, 1.0507333255328912e-05, 66.4981424042356, 0.09174880750146239, 1.004707079787053e-05, 99885.78234335018, 2467.549773882102, 3.1786653516938334e-09, 60.92473586329617, 0.3316620387166509, 1.0513524315104988e-05]}