{"\u03b8opt": [31.659684923585843, 12.070174048501363, 0.060161611750466124, 1.6302808767834964, 0.2207439746311747, 0.0018570451092569918, 0.004239041785886677, 46.30800952660209, 253.42225327240874, 0.022890572658959298, 0.000593215262562912, 0.026930893719963163, 0.047611469977589534, 0.00014129818212091927, 0.7677749367948612, 0.24935793115574278, 0.043730028379765015, 0.0004865195958295914, 0.014684491151751636, 1.1480948843276215, 0.6000879151304538, 0.030289259151617967, 0.012250178574067228, 0.9283902033064554, 0.10572637942088801, 364.6029326540215, 243.14466032704024, 0.013535002869108696, 0.0018204477987694885, 3.0844349484947946, 3.1086815316366505, 0.12554872729923378, 0.0066917903742379995, 0.0008363385993092611, 0.10657206448161644, 0.0005564513759215579, 0.0029124952728509456, 5.382538434327436, 0.14326220936596212, 2.902785210751752e-05, 0.30483536020429536, 0.007602264365022517, 0.0006273769277713098, 0.31831091460282956, 0.009827760396529458, 0.04142720144731467, 0.22520148942641952, 0.0002015462421613731, 0.020734506336498877, 17.08306327646239, 0.055346941762629887, 2.7927413283373655e-05], "cost": 124.46156961144013}